"","Estimate","Std..Error","z.value","Pr...z.."
"(Intercept)",-4.0327791550461,435.337316486832,-0.00926357333111388,0.992608843571916
"Age",-2.03229834465143,0.786222129655824,-2.58489079357393,0.00974098451100436
"Religious affiliation",0.773487994431965,0.356100325006802,2.17210696007422,0.029847596123005
"Receiving informal support",0.869211477497615,0.384425431332115,2.26106653372441,0.023755137356014
"Preferred place of care in an institution",-8.65909891637897,841.87812533672,-0.0102854542192977,0.991793539572185
"Charlson comorbidity score including age",1.7213723874071,0.799500630485768,2.15305944957319,0.0313140066245915
"PDQ-39 score",-1.01652791104496,0.443506030728649,-2.29202725693465,0.021904070384441
