"","Estimate","Std..Error","z.value","Pr...z.."
"(Intercept)",-4.04185564527716,437.419250394193,-0.00924023266382246,0.992627465932953
"Age",-2.02699350300589,0.785495473146489,-2.58052856101931,0.00986491957658509
"Religious affiliation",0.754665509438245,0.359656832936934,2.09829326270739,0.0358792473177623
"Receiving informal support",0.86169489236368,0.383734349288364,2.24555058456897,0.0247328087027318
"Prefered place of care in an institution",-8.65185762968943,845.904274684932,-0.010227939364548,0.991839427373043
"Charlson comorbidity score including age",1.70983739589146,0.797925088491019,2.1428545367899,0.0321247805331932
"PDQ-39 score",-0.998651064537543,0.445318424523142,-2.24255501129764,0.0249255241198537
