"","Estimate","Std..Error","z.value","Pr...z.."
"Age",-2.4519248059485,0.900766630726197,-2.72204222748767,0.00648798515058818
"Receiving informal support",1.15371205819787,0.448066990393812,2.57486510484484,0.0100279187820019
"Prefered place of care at other place",-0.768413865073303,0.349963076003232,-2.19569982596166,0.0281134356403949
"Charlson comorbidity score including age",1.93847409868876,0.821932164346231,2.35843562616951,0.0183521424901282
"PDQ-39 score",-1.13652544007001,0.478193260075388,-2.37670735863327,0.017467940268333
